username,password
Jessika,4k4aVuP
Tatum,P6B9lj
Dud,LCJvcNGg28TP
Rutger,ZN1Agpp8GC
Curry,DtoyOL7j
Town,AKJTwIrjh
Jesselyn,bVqYXxBxwS
Standford,bnFTnktqV
Etan,qYyndjB
Patin,SSfMXTOruUsL
Panchito,et7KWfYfuG
Wernher,58XCmzsVbyop
Sampson,uLp1aVES
Goldia,9T1EGn2F4
Andres,eiDKQ7V73ou
Mada,PG57CcLX4k
Vicki,DEgeHb8
Bucky,e8AOhUa
Thomas,LqGmFPycD6PE
Almira,xmwXyVlwujPG
Torrence,PkVXcG
Randolf,DlL3edBDUAvb
Carny,EX90Ur5M
Roseline,nXLVtDzy
Gordan,kqluM1
Katerina,YQupVtQwPOgK
Dalt,MPCOaMOFo4
Virgie,LZcguYU
Koo,0wZB8b6Pj7W
Anya,vrItsjuPUb
Silvan,Du6LUD
Rolph,F3qZP8IXSh
Jan,BURUKd
Mal,N1GEx36w2x
Ripley,CtwQ8zePR0E
Elmira,mhl2FihMdN
Adena,MLEyDH95
Kennie,qEh306SzES
Pip,02EebQ0CP
Chris,GjoMUmEjWy
Davidde,plvu1cfu
Filip,MUByFW8
Hermina,y8GG890H
Chrissie,iMiPsLdr0GJ
Allissa,qR6e6PxYsQ
Loydie,bvuoKCi5r
Cory,myBzIAZFgXjX
Rebe,BtOKRb
Neysa,1lkzT2iY
Nertie,6pYWKbo5s
Frannie,e3nAnfey
Milty,nja05kQIzux
Rhiamon,bRMz3hWjX
Henriette,QtFfFuetW7Qa
Marietta,M6eY5Umupy
Gunter,BsrasgQ7
Roger,lWS1UF24rkQ
Winslow,KPNzkC1NKR
Omero,lhpV4hviB
Chantal,KMJMqO
Kip,6yPUeF65AN
Sasha,FUZ2R9
Gerhardine,W1dVJv5uR
Winfield,ODXneGu62Yup
Andie,IApb669tljKk
Suzanna,wHeOnuEC
Bernie,j18sWkW8Il9
Melinda,Fp2LlWXCTj6
Ddene,DWVqF2
Maria,oV6v1GYa7
Matilde,P7vXpPGIq9
Berkie,GT94H5
Cary,YDgrMRUNZ
Fania,ArohkxRCaar
Rodolphe,ebsUX8
Fredek,AnUyTyA
Skylar,xTu2um
Baryram,vBa0GTV
Wiley,P8PugN
Aguistin,MG3jlBtOaCSI
Micky,b22Q9cS
Abraham,oWoQS8
Sigismundo,nfpbl02kKXKu
Raffaello,i2ZnmQUBp6aX
Alexandra,innokP8m
Aila,Q7X12Xpk
Arlie,OClUlgdG3cPX
Kim,4nI57ay
Kristen,pFSUYeV
Erwin,OjUMiqaAhAp
Rice,BVi3VlBQg
Corrine,jhPJqBAVdyQV
Jessi,R03XP5
Rennie,If9ueOx
Korella,lOUdpo8wY
Noll,jaXynaJg
Car,OglzlFj5mVF
Alane,6YGt9X
Hurleigh,nNBdgT7akow
Thor,wxi0peSz6
Martelle,X5PFHcnKMb
Matilda,fb2hfMBtwOs
Agace,CPiQhshDAK
Idalina,qq7YJk
Rhody,DxwSCBzMbA
Lorens,jtPe11HmRcFZ
Coop,PD5pVL
Armand,Wod7m6T
Marty,jrW46fIivIKa
Winslow,kd8GbwuR
Yurik,hMhwR7e
Thomasina,gENQFoX
Richmond,gmmImD
Kaela,fWlxGU9
Cordi,lS8Pari3BCLK
Cathee,xCp1PV
Bren,mIrr9Tv15G
Anthia,qi224OBq
Gale,P4Y9kA
Aryn,knR1UHt
Rickie,i1US09HbUb
Kelley,qmBpXnlpI5k
Fanchon,AEAuCVMmb
Eolande,ZFBl3mbw
Stillman,4hbbQiyh6tp
Rafa,CBEPzew
Franzen,k2oCPami
Fidelity,kAlpmhgpFkPg
Jen,VsUkLUpQfBi
Malvin,sJfXtUAhM
Katalin,OeOlPxTczv3V
Edgard,9xMSRj
Doria,CvHqlOv
Maynord,RHNfsfgwkRSA
Garrot,CrSntcPAZrj0
Allie,3sBM0f06
Elroy,rIElX12
Dukey,xqa99n
Burk,IW4z1BJVB3g3
Fernando,k9uF2bzZa9E
Waite,cWwCzaFnR
Jehu,O1gBAD7F82S
Edd,WlPcYrr
Boycey,FQo0No8H
Augustin,BStGJv
Cassandry,CWuOuxHQ
Jeramey,yvdyEzwH
Leeanne,S9J6x5MSIBfa
Kally,cY4OQknKAG
Garv,sYqdvfJ
Evyn,0SDo3k
Bartholomeo,YRjrF7pIGlbP
Janka,R8zYVPonot
Oswald,lo2CKS
Otho,FNwtYAwZF
Hillard,H2uVDoh1k
Holli,OgJ66p
Franchot,TEqnK24
Merline,YDKsQwri9v
Leeann,6urGw6GewiW
Rennie,QzOck51
Ynes,LEHt26i
Olly,6SYNscWo
Nataline,YeFs0mSQPeH
Malachi,l2OZh1
Philippine,ku9vZHKV47
Fionnula,tmMRr5nOLYZi
Marietta,GtAL4bky
Reagan,vhXm1ObSV
Freeman,hD5YD1w9
Amabel,AB6gEBERKBR4
Floria,UpkJKJxutf
Omar,9EKN03m
Shea,iHyGnn8
Eleanora,hWkpNP
Joann,lKi3zesZI
Cory,gWV5MyLyFk5O
Allan,OZ0CUjAcw7G
Maryjane,lITEKa3M
Jereme,Z8xGjs8MhX
Cross,CXjHgBxkm
Josey,YGZnZcKW4hgF
Bradney,kNXO7oa3G
Lisa,9UuAxyVA
Bobbie,k1b8PloyFW
Tremaine,s65YnmTJW0y
Virgil,85wfcdYHqh
Vevay,JdPuXh1c
Lucretia,IRVkZa3
Laney,GkhKoE
Bryna,JfieAM7Zp
Gaynor,IKA68n
Ettie,eAmvoHOTe5V
Fredrika,dB77xVT
Annora,5U0GcxUl1n1t
Natala,o3ou4x
Odelle,iDCsuHKj
Leopold,4E5gF765WC
Fredelia,FbUi7RuAeM2
Fidole,n3AmeDE
Bethina,Vd2o4nx4
Domenico,QDSmX9G
Stella,hBeEonQAScH
Jonis,0HA4pzHmcr5o
Malachi,xjg5Amnd
Agata,xRuToCmFd
Solly,02DCNqAE87
Bancroft,fSTS0MU
Courtnay,owGTIsBQghG
Kirsten,oPu8Y89rFQH9
Garnette,llqjMPVaPQ
Alli,kSy8j5FfzB7c
Vanny,DQj8BOrA3F50
Osbert,AYCyBGWLSi6U
Elwin,MxN4SW6dw
Anjanette,jW1HDKI8
Uri,LT1Pjtiy
Chickie,QNAERFxU3xSz
Zaccaria,vDbYTi1nU
Talya,ZXo712w4yh
Calypso,KTfPalia5
Luther,2ceMNULm3
Loydie,UC6s3p
Drona,UtJrFj68lq
Gabbie,g7KInbHDr
Wilden,llnukKmb2a
Cathryn,my8BWKSJjdb
Nerita,4YHWGAK
Douglass,myamEvOaM8L
Wells,EhCiDZZOvr
Gabie,aSg43EED4Ul
Patricia,gUdoqUOb
Gates,fLU90cXg
Deonne,If2BY2AA2f
Chad,4InhwK4d
Shaylyn,J7d2vS5H
Seth,I1U3C0eRpJ
Herb,EjphN2h6xR
Caritta,djPTMK
Elisa,zusdxQug9MzW
Thurston,L3TcfeYtHG09
Sandie,OVTKzDGa
Bendicty,eaRSWtnV
Cyndy,agonGmeNpGBC
Gilligan,gMmUPdFPCMay
Mae,N8UQSw
Foster,YFmsLgL3Pguk
Nanni,Mpl0fYAL7gm
Ronnica,T2keS4Z9k
Lewiss,9nxtye5MR
Veronike,ywl8EUafd5Em
Hadleigh,NVl0Ncl1Z
Nahum,cl8SoJ5I13QR
Victoir,ppqcVSP
Thomasine,NSMq3BpVI
Nesta,3B5lsp4
Basile,EQKGK7Ag
Sydel,50eVmY
Durant,psKaHJsV161M
Findlay,Kvx3Ik
Nicola,OlMxIOgEla8
Cherice,kJCnkIy
Clarance,BKCbROe0IKdx
Fenelia,2kf793
Sada,RaRr7Bokrkk
Dillie,sSkReUetn
Olly,aGIeGK
Willy,V7BPiM6xEV12
Noni,fzyREJGGFUg
Salvidor,MzV0ylmNwR
Murial,uQXXHssybykS
Wyatt,UbPg2oL
Lauri,5OwLGVij
Maryrose,pEXo0i7
Tiphany,79rRY8d4
Fonzie,FbbuxdF
Cyrille,CIJ4bK4k1
Dorisa,eLY5px
Jeanine,zyRTwT7O
Odelinda,cyW3aI
Hephzibah,xDsDnZT
Glori,1yRg5SsAZQ
Cad,ann8hLqR78Y
Clerissa,MYud5k3DX
Toma,AA297Vt
Kinsley,yfg8Z3jW12w
Hilda,Tvz2RdC2Z
Nikki,Dgxnu9
Gabriel,ACmtb93x
Carlina,NWKG589ymsMJ
Jessamine,YtMia3GJp5
Rodolphe,temH7smwv
Alexandr,7q5gEG
Maribelle,GZAFgxOzFK2
Jenny,bH7A7yc
Crissy,zSq6M0YA
Brandyn,WJdBBCLZq8
Renard,82af1I4ajSf
Liesa,bHV217U
Gretchen,lAnhCCeXs
Bourke,ucnQ9UjcH
Kirstin,LQd7FrgirXrP
Gay,NI85TcPk
Farlee,ZH2MaJYXkA
Ruprecht,mnHXZTw
Gussi,ZyCK4oy3x84N
Troy,8xlgI4eK
Lucius,5uyKCW28Zc
Rickert,mdOCTcss4qM
Robinia,53aAku
Minnnie,HBrEbJIewe
Lewiss,eBgsWxJZkJ
Liam,OZIY6ly
Julie,E9nrhlmbcq
Ann-marie,KodvPv9
Nelia,wxI8ur2WYJ9t
Saundra,DT1rlV
Ruben,i3kRGEPnH
Kelcie,9tJ2BOpfD
Lindi,t1UoOO8QH
Charmaine,29AIjmueZ
Gilligan,W0RetYi0dngi
Paul,JFFwF21STKGi
Clemence,II9xsrb
Raimund,sPSfm6fq
Frasco,zPoOZ2W9l
Vance,UhZjd5vMA0
Krispin,R7E7iEkRK
Morrie,L2SiUf
Cynthie,O4NR41c
Xylia,2L6vvpxqCoFl
Julissa,aKvi2v
Evanne,HJ4uflr6fz
West,qGviLEVk
Cly,wn5k61aIbqyv
Curcio,Y7FVwDxJ
Iver,K6KAQxWYQ
Marcus,Uv5FYpi4
Dolph,KwnOcvnQ
Fran,lAJBKnpP
Brier,GPqiZGmf
Mackenzie,9QlW1LZtiSUE
Issi,mrTlZjbr
Milli,wMaKsUwknQ
Donall,JQDVWp9jDKrE
Robinette,wlrCoee9
Cherri,vBQKdQOAmy
Shalna,205R5PaYKhK
Rhianna,9NZGaDNX
Zared,7SYeVMICR
Regina,aNWqLKB1AqJ4
Lani,mfqFzJsbkYsX
Carlynn,bWqsgbaLuNJ
Isacco,O8KSC3wKF
Mikael,70s02F51O
Opaline,QS0BBgfcLvY
Haily,20FL3htjKi
Noland,pNcFCYaTs
Ruttger,ysSYIaWAK
Krystyna,Kr1b0OkxCq
Max,PYz8MiZ
Theodore,6veS4UEwMvT
Nicol,x4PGCInxM
Brandice,S6kIs8
Baxter,jBgAM0U36
Carolee,79W1ozVHv
Nollie,p93x0S3
Lorinda,SgoK8W
Oralia,gNFTip
Trina,lMOSxwdj
Debi,UzljtBuSVUF
Reinaldo,fd3FThDg3p80
Bess,IIQQZd6t
Birch,JrncR7
Raymond,Ae0x10g9X8
Gretel,kifuwA
Glynn,2mSR2gYD
Brita,CB0xM9LgV
Cole,icP5tKDKGHUM
Sibylle,od3cQ7sXx
Emlynn,LYpEGXpS1w
Jessee,vHh5Xr
Ferrel,lJJXsNz5JqO
Willdon,mVy0KmCYurF
Camellia,R5Wp7c2Ye
Sibyl,q8fN0u8
Kylen,dJykglfUseD
Yancey,5sfgJDc
Agretha,JqNs9y
Thurstan,clNDxxsBO
Kipp,ooC4E1cV338
Delphine,YX6QHzywkkaW
Nealon,YpQCvR
Anton,L7xTOL
Bronnie,0vlQdZIg
Yolane,yEvM8KSUZah
Vitia,F9rAR8TvQhxD
Sioux,gbXxEZYf7c
Hedwiga,RWbNzLuV31sK
Westleigh,gW7CWWRtO96
Johnathan,i8Fm26iitzJ6
Lydon,dMlKgs6STN
Dalli,zd3Oz7z
Gates,FcDpUtY
Corbet,9JS6Dg
Fredelia,P2bR1rUK
Kristen,kOzG8N9va
Rozella,tLbOA5
Hyacinthia,W14AZe1Ucl4
Danya,BkWs08OJ
Genni,TpeqsH8R
Tootsie,h4TKggWR79kM
Whitaker,pX5tRfg5YqIK
Ulrica,a60e1tB7IwYv
Denice,hTSn0X7Ds
Cherri,pUXZfpzqM
Pearle,tB0Ur7GyeQXq
Retha,hlpdgr
Valaria,Ns0vfR85ib
Kimmi,do3NyyTv0
Cherey,j1YpPusoFWF
Ofella,KnN2wYEK
Amandi,DDefdNQa
Ingeberg,yao2ZwQS2
Sully,otAdlDre
Devinne,B2012S
Candace,uBqc2MSS
Laurianne,UGFcpXjRz
Elayne,VFx7rXwR3
Maureene,nozx3viweV
Rafa,Rf9lqP6jZw
Korney,LrFl8b
Isabel,0s18dlIfzE3
Rick,03RJm2
Ravid,c6li4nr6Cf
Kassie,gtMCahJLrz7
Dwayne,U1E8TjmK
Luz,uMGlRv
Marilyn,8I6HupM1
Janet,Z7C2KIaaQdzq
Hodge,RMbjJAuCSq09
Bernete,h4wcCha07I
Ives,mt3CKUY
Conroy,J8tPlaqJ
Evangeline,L2aYkQ
Berget,P6TU5U9B
Delano,UCj2qSIKfS
Burr,4dUTTM1Baw
Cullan,1qY55T9
Rosalinde,p49k4HaAJAc
Rhys,W1qdWYXe5r
Alverta,jNxE8bMg4
Bern,NeH7HaYPTFx8
Dorey,NXUmrN
Merrill,bG1WG7V
Kimbell,YclVHr
Gussie,huptI2
Kirk,E0yNUv8M48GY
Lothario,L6DOhP6
Briana,FQxgZdoV1J
Trixy,Lm3ceP0e
Marlie,MozIphTaMj9n
Davita,OUp9JN6B3iq
Bengt,qjtbTXklM
Hart,BOd6eTax
Meggi,sRsOqxLB
Karena,iu7Kl2Rg0Ko
Kareem,mJaAP3uvv
Norton,yeJidzOk8i
Freddi,Mgk9CmH
Francesca,WkgNdiT
Tabbitha,7BXXsgWgLqv
Emanuel,I6DRWG1p481
Ansel,M50Ayl2lcInD
Martelle,h0XqZIy6
Huntley,iQcKW5Jz
Harli,1zRuJyeYkx
Tamra,qUAAf4r
Blakelee,iktNkrgtcfyd
Konstantin,ss2CrHGbO6
Wenonah,pbRzLlIVsl
Ferdinand,TVpeCaAPU
Blancha,yLs82zuYrJEQ
Petronilla,0wZvgZ5PJgkL
Mitzi,v0KLyCs7w0cw
Burgess,Oa9kCP
Carmelita,osQlLnWNM
Darin,TkSYXlskWHc
Alexa,x5XsAH5vQ
Toddy,DFf2TiGv1
Rozalin,nMZHpP
Marlo,6QvArGB93
Didi,BMqxBS
Binky,dTK3tqUZR5
Spence,3VnVP6u
Roi,9eRuZjFVoVm
Meyer,VMIiPaJ
Guillemette,GkmmmjLd
Benni,MBaIMY0Di
Letty,aCAimq
