username,password,date
Jessika,4k4aVuP,1626140999
Tatum,P6B9lj,1619141932
Dud,LCJvcNGg28TP,1627962657
Rutger,ZN1Agpp8GC,1647243679
Curry,DtoyOL7j,1664013829
Town,AKJTwIrjh,1633227432
Jesselyn,bVqYXxBxwS,1634740509
Standford,bnFTnktqV,1655979226
Etan,qYyndjB,1643003849
Patin,SSfMXTOruUsL,1624577882
Panchito,et7KWfYfuG,1657748889
Wernher,58XCmzsVbyop,1646580385
Sampson,uLp1aVES,1636873098
Goldia,9T1EGn2F4,1652692268
Andres,eiDKQ7V73ou,1653617697
Mada,PG57CcLX4k,1633848866
Vicki,DEgeHb8,1623463764
Bucky,e8AOhUa,1630026756
Thomas,LqGmFPycD6PE,1633623101
Almira,xmwXyVlwujPG,1658963017
Torrence,PkVXcG,1620792174
Randolf,DlL3edBDUAvb,1642281805
Carny,EX90Ur5M,1638042884
Roseline,nXLVtDzy,1643444107
Gordan,kqluM1,1649529245
Katerina,YQupVtQwPOgK,1624575111
Dalt,MPCOaMOFo4,1656730238
Virgie,LZcguYU,1629037982
Koo,0wZB8b6Pj7W,1655479008
Anya,vrItsjuPUb,1657854033
Silvan,Du6LUD,1631809985
Rolph,F3qZP8IXSh,1647923485
Jan,BURUKd,1642644799
Mal,N1GEx36w2x,1623413589
Ripley,CtwQ8zePR0E,1633875171
Elmira,mhl2FihMdN,1651504266
Adena,MLEyDH95,1644132445
Kennie,qEh306SzES,1629192282
Pip,02EebQ0CP,1661610667
Chris,GjoMUmEjWy,1628126812
Davidde,plvu1cfu,1637465273
Filip,MUByFW8,1628977637
Hermina,y8GG890H,1627707485
Chrissie,iMiPsLdr0GJ,1635340217
Allissa,qR6e6PxYsQ,1619715909
Loydie,bvuoKCi5r,1656878707
Cory,myBzIAZFgXjX,1663906666
Rebe,BtOKRb,1631938726
Neysa,1lkzT2iY,1637687148
Nertie,6pYWKbo5s,1650738834
Frannie,e3nAnfey,1654005287
Milty,nja05kQIzux,1626938778
Rhiamon,bRMz3hWjX,1629499157
Henriette,QtFfFuetW7Qa,1634045775
Marietta,M6eY5Umupy,1659686191
Gunter,BsrasgQ7,1631417137
Roger,lWS1UF24rkQ,1622124694
Winslow,KPNzkC1NKR,1634144737
Omero,lhpV4hviB,1644665423
Chantal,KMJMqO,1629730206
Kip,6yPUeF65AN,1656965774
Sasha,FUZ2R9,1627110965
Gerhardine,W1dVJv5uR,1656214838
Winfield,ODXneGu62Yup,1626288424
Andie,IApb669tljKk,1636084911
Suzanna,wHeOnuEC,1618377809
Bernie,j18sWkW8Il9,1636887617
Melinda,Fp2LlWXCTj6,1648938219
Ddene,DWVqF2,1648027041
Maria,oV6v1GYa7,1655007109
Matilde,P7vXpPGIq9,1649949611
Berkie,GT94H5,1653225808
Cary,YDgrMRUNZ,1617648709
Fania,ArohkxRCaar,1659480316
Rodolphe,ebsUX8,1648534674
Fredek,AnUyTyA,1653729162
Skylar,xTu2um,1650537623
Baryram,vBa0GTV,1632114195
Wiley,P8PugN,1644366395
Aguistin,MG3jlBtOaCSI,1639395079
Micky,b22Q9cS,1635544406
Abraham,oWoQS8,1625022379
Sigismundo,nfpbl02kKXKu,1651948432
Raffaello,i2ZnmQUBp6aX,1640509146
Alexandra,innokP8m,1645938149
Aila,Q7X12Xpk,1623256352
Arlie,OClUlgdG3cPX,1617646973
Kim,4nI57ay,1640569306
Kristen,pFSUYeV,1661668495
Erwin,OjUMiqaAhAp,1618849886
Rice,BVi3VlBQg,1642580841
Corrine,jhPJqBAVdyQV,1638720041
Jessi,R03XP5,1630725161
Rennie,If9ueOx,1652413773
Korella,lOUdpo8wY,1618511252
Noll,jaXynaJg,1663114641
Car,OglzlFj5mVF,1621831357
Alane,6YGt9X,1655689032
Hurleigh,nNBdgT7akow,1657858085
Thor,wxi0peSz6,1641049331
Martelle,X5PFHcnKMb,1640493273
Matilda,fb2hfMBtwOs,1648627027
Agace,CPiQhshDAK,1651559063
Idalina,qq7YJk,1621101424
Rhody,DxwSCBzMbA,1617566248
Lorens,jtPe11HmRcFZ,1656620824
Coop,PD5pVL,1649210878
Armand,Wod7m6T,1663774002
Marty,jrW46fIivIKa,1643944094
Winslow,kd8GbwuR,1624288938
Yurik,hMhwR7e,1636332453
Thomasina,gENQFoX,1657343075
Richmond,gmmImD,1654525581
Kaela,fWlxGU9,1622958811
Cordi,lS8Pari3BCLK,1658386111
Cathee,xCp1PV,1621376555
Bren,mIrr9Tv15G,1640650715
Anthia,qi224OBq,1647959459
Gale,P4Y9kA,1624603436
Aryn,knR1UHt,1636044630
Rickie,i1US09HbUb,1646859316
Kelley,qmBpXnlpI5k,1652292106
Fanchon,AEAuCVMmb,1642408529
Eolande,ZFBl3mbw,1641961440
Stillman,4hbbQiyh6tp,1657604937
Rafa,CBEPzew,1658594975
Franzen,k2oCPami,1651368595
Fidelity,kAlpmhgpFkPg,1634007678
Jen,VsUkLUpQfBi,1651618574
Malvin,sJfXtUAhM,1621175153
Katalin,OeOlPxTczv3V,1644122608
Edgard,9xMSRj,1651373213
Doria,CvHqlOv,1654809886
Maynord,RHNfsfgwkRSA,1622016792
Garrot,CrSntcPAZrj0,1660685942
Allie,3sBM0f06,1643079038
Elroy,rIElX12,1639902963
Dukey,xqa99n,1641742325
Burk,IW4z1BJVB3g3,1638682617
Fernando,k9uF2bzZa9E,1643640572
Waite,cWwCzaFnR,1622877394
Jehu,O1gBAD7F82S,1621166599
Edd,WlPcYrr,1660640204
Boycey,FQo0No8H,1623608589
Augustin,BStGJv,1640459968
Cassandry,CWuOuxHQ,1623766063
Jeramey,yvdyEzwH,1656048728
Leeanne,S9J6x5MSIBfa,1621096126
Kally,cY4OQknKAG,1657489736
Garv,sYqdvfJ,1640104459
Evyn,0SDo3k,1625358492
Bartholomeo,YRjrF7pIGlbP,1626783057
Janka,R8zYVPonot,1639453493
Oswald,lo2CKS,1653916965
Otho,FNwtYAwZF,1626054701
Hillard,H2uVDoh1k,1633692154
Holli,OgJ66p,1645090785
Franchot,TEqnK24,1643332745
Merline,YDKsQwri9v,1618118463
Leeann,6urGw6GewiW,1642835669
Rennie,QzOck51,1656012099
Ynes,LEHt26i,1632199981
Olly,6SYNscWo,1637162718
Nataline,YeFs0mSQPeH,1636761502
Malachi,l2OZh1,1622713244
Philippine,ku9vZHKV47,1662134735
Fionnula,tmMRr5nOLYZi,1639221372
Marietta,GtAL4bky,1647958197
Reagan,vhXm1ObSV,1657497588
Freeman,hD5YD1w9,1627227687
Amabel,AB6gEBERKBR4,1651125623
Floria,UpkJKJxutf,1632386111
Omar,9EKN03m,1643995873
Shea,iHyGnn8,1660280937
Eleanora,hWkpNP,1638561308
Joann,lKi3zesZI,1625093844
Cory,gWV5MyLyFk5O,1620055858
Allan,OZ0CUjAcw7G,1637919742
Maryjane,lITEKa3M,1654002233
Jereme,Z8xGjs8MhX,1625952255
Cross,CXjHgBxkm,1662896886
Josey,YGZnZcKW4hgF,1631131334
Bradney,kNXO7oa3G,1650848538
Lisa,9UuAxyVA,1641851997
Bobbie,k1b8PloyFW,1655633434
Tremaine,s65YnmTJW0y,1649429421
Virgil,85wfcdYHqh,1624329066
Vevay,JdPuXh1c,1651352617
Lucretia,IRVkZa3,1633366381
Laney,GkhKoE,1634826785
Bryna,JfieAM7Zp,1624986151
Gaynor,IKA68n,1647817474
Ettie,eAmvoHOTe5V,1650852354
Fredrika,dB77xVT,1651402733
Annora,5U0GcxUl1n1t,1660648982
Natala,o3ou4x,1648326866
Odelle,iDCsuHKj,1633450697
Leopold,4E5gF765WC,1657228271
Fredelia,FbUi7RuAeM2,1634844587
Fidole,n3AmeDE,1663965974
Bethina,Vd2o4nx4,1641182437
Domenico,QDSmX9G,1624539689
Stella,hBeEonQAScH,1635073522
Jonis,0HA4pzHmcr5o,1629781249
Malachi,xjg5Amnd,1650706962
Agata,xRuToCmFd,1635453381
Solly,02DCNqAE87,1662619002
Bancroft,fSTS0MU,1652834946
Courtnay,owGTIsBQghG,1632063943
Kirsten,oPu8Y89rFQH9,1641160557
Garnette,llqjMPVaPQ,1625009627
Alli,kSy8j5FfzB7c,1633412769
Vanny,DQj8BOrA3F50,1623029747
Osbert,AYCyBGWLSi6U,1653264022
Elwin,MxN4SW6dw,1625009657
Anjanette,jW1HDKI8,1628389048
Uri,LT1Pjtiy,1644645152
Chickie,QNAERFxU3xSz,1629004076
Zaccaria,vDbYTi1nU,1651931485
Talya,ZXo712w4yh,1659163956
Calypso,KTfPalia5,1628404089
Luther,2ceMNULm3,1628574796
Loydie,UC6s3p,1643842635
Drona,UtJrFj68lq,1655459411
Gabbie,g7KInbHDr,1661940299
Wilden,llnukKmb2a,1634951353
Cathryn,my8BWKSJjdb,1621789539
Nerita,4YHWGAK,1620099743
Douglass,myamEvOaM8L,1662565338
Wells,EhCiDZZOvr,1661454831
Gabie,aSg43EED4Ul,1644991586
Patricia,gUdoqUOb,1628618479
Gates,fLU90cXg,1645827356
Deonne,If2BY2AA2f,1620287972
Chad,4InhwK4d,2163148691
Shaylyn,J7d2vS5H,1647129548
Seth,I1U3C0eRpJ,1649431318
Herb,EjphN2h6xR,1646905218
Caritta,djPTMK,1633523694
Elisa,zusdxQug9MzW,1625807462
Thurston,L3TcfeYtHG09,1624677043
Sandie,OVTKzDGa,1660439054
Bendicty,eaRSWtnV,1624508547
Cyndy,agonGmeNpGBC,1640061028
Gilligan,gMmUPdFPCMay,1656059273
Mae,N8UQSw,1640031918
Foster,YFmsLgL3Pguk,1650973901
Nanni,Mpl0fYAL7gm,1658341077
Ronnica,T2keS4Z9k,1663764965
Lewiss,9nxtye5MR,1641284676
Veronike,ywl8EUafd5Em,1637745845
Hadleigh,NVl0Ncl1Z,1635985002
Nahum,cl8SoJ5I13QR,1658045544
Victoir,ppqcVSP,1645970752
Thomasine,NSMq3BpVI,1649752863
Nesta,3B5lsp4,1619380354
Basile,EQKGK7Ag,1633671943
Sydel,50eVmY,1649589477
Durant,psKaHJsV161M,1622641973
Findlay,Kvx3Ik,1638317191
Nicola,OlMxIOgEla8,1621092314
Cherice,kJCnkIy,1632842304
Clarance,BKCbROe0IKdx,1623845853
Fenelia,2kf793,1641607569
Sada,RaRr7Bokrkk,1642417307
Dillie,sSkReUetn,1637633252
Olly,aGIeGK,1642160881
Willy,V7BPiM6xEV12,1616410002
Noni,fzyREJGGFUg,1655684464
Salvidor,MzV0ylmNwR,1648493481
Murial,uQXXHssybykS,1624250548
Wyatt,UbPg2oL,1633870724
Lauri,5OwLGVij,1622109821
Maryrose,pEXo0i7,1652265176
Tiphany,79rRY8d4,1645040569
Fonzie,FbbuxdF,1624367192
Cyrille,CIJ4bK4k1,1656213744
Dorisa,eLY5px,1632350873
Jeanine,zyRTwT7O,1645694104
Odelinda,cyW3aI,1643817261
Hephzibah,xDsDnZT,1637682623
Glori,1yRg5SsAZQ,1627343822
Cad,ann8hLqR78Y,1637388999
Clerissa,MYud5k3DX,1635824443
Toma,AA297Vt,1654588642
Kinsley,yfg8Z3jW12w,1629059202
Hilda,Tvz2RdC2Z,1643448692
Nikki,Dgxnu9,5163610373
Gabriel,ACmtb93x,1646162243
Carlina,NWKG589ymsMJ,1630622112
Jessamine,YtMia3GJp5,1625772885
Rodolphe,temH7smwv,1653037241
Alexandr,7q5gEG,1654638084
Maribelle,GZAFgxOzFK2,1645147549
Jenny,bH7A7yc,1662648707
Crissy,zSq6M0YA,1625617895
Brandyn,WJdBBCLZq8,1622426323
Renard,82af1I4ajSf,1624187157
Liesa,bHV217U,1654618678
Gretchen,lAnhCCeXs,1620287261
Bourke,ucnQ9UjcH,1617798435
Kirstin,LQd7FrgirXrP,1652721346
Gay,NI85TcPk,1622155454
Farlee,ZH2MaJYXkA,1651591372
Ruprecht,mnHXZTw,1661466284
Gussi,ZyCK4oy3x84N,1636204005
Troy,8xlgI4eK,1642876752
Lucius,5uyKCW28Zc,1634156664
Rickert,mdOCTcss4qM,1644599479
Robinia,53aAku,1642303036
Minnnie,HBrEbJIewe,1662940989
Lewiss,eBgsWxJZkJ,1646046356
Liam,OZIY6ly,1644275518
Julie,E9nrhlmbcq,1622822142
Ann-marie,KodvPv9,1622148887
Nelia,wxI8ur2WYJ9t,1633358025
Saundra,DT1rlV,1627773424
Ruben,i3kRGEPnH,1623697821
Kelcie,9tJ2BOpfD,1630208649
Lindi,t1UoOO8QH,1643519344
Charmaine,29AIjmueZ,1629880859
Gilligan,W0RetYi0dngi,1652107717
Paul,JFFwF21STKGi,1647805977
Clemence,II9xsrb,1648624557
Raimund,sPSfm6fq,1622324983
Frasco,zPoOZ2W9l,1621875946
Vance,UhZjd5vMA0,1631698493
Krispin,R7E7iEkRK,1624498842
Morrie,L2SiUf,1625064384
Cynthie,O4NR41c,1645097834
Xylia,2L6vvpxqCoFl,1657542475
Julissa,aKvi2v,1659088342
Evanne,HJ4uflr6fz,1655344702
West,qGviLEVk,1629527707
Cly,wn5k61aIbqyv,1656398398
Curcio,Y7FVwDxJ,1657409981
Iver,K6KAQxWYQ,1627833609
Marcus,Uv5FYpi4,1656752582
Dolph,KwnOcvnQ,1621797442
Fran,lAJBKnpP,1647868876
Brier,GPqiZGmf,1645910843
Mackenzie,9QlW1LZtiSUE,1653270529
Issi,mrTlZjbr,1632468186
Milli,wMaKsUwknQ,1645456619
Donall,JQDVWp9jDKrE,1646698786
Robinette,wlrCoee9,1653171383
Cherri,vBQKdQOAmy,1628095551
Shalna,205R5PaYKhK,1620071156
Rhianna,9NZGaDNX,1662171035
Zared,7SYeVMICR,1632164647
Regina,aNWqLKB1AqJ4,1626229382
Lani,mfqFzJsbkYsX,1663324502
Carlynn,bWqsgbaLuNJ,1644839572
Isacco,O8KSC3wKF,1648156935
Mikael,70s02F51O,1648201752
Opaline,QS0BBgfcLvY,6164354471
Haily,20FL3htjKi,1649447939
Noland,pNcFCYaTs,1659487979
Ruttger,ysSYIaWAK,1656331186
Krystyna,Kr1b0OkxCq,1652418099
Max,PYz8MiZ,1660870385
Theodore,6veS4UEwMvT,1620172179
Nicol,x4PGCInxM,1653576958
Brandice,S6kIs8,1623569870
Baxter,jBgAM0U36,1621136238
Carolee,79W1ozVHv,1621455090
Nollie,p93x0S3,1649708968
Lorinda,SgoK8W,1661848090
Oralia,gNFTip,1630100475
Trina,lMOSxwdj,1626551634
Debi,UzljtBuSVUF,1630745371
Reinaldo,fd3FThDg3p80,1639043639
Bess,IIQQZd6t,1626709047
Birch,JrncR7,1634507315
Raymond,Ae0x10g9X8,1643773655
Gretel,kifuwA,1630583132
Glynn,2mSR2gYD,1661474027
Brita,CB0xM9LgV,1639831395
Cole,icP5tKDKGHUM,1659357478
Sibylle,od3cQ7sXx,1636979052
Emlynn,LYpEGXpS1w,1628899423
Jessee,vHh5Xr,1620761961
Ferrel,lJJXsNz5JqO,1624411621
Willdon,mVy0KmCYurF,1642373196
Camellia,R5Wp7c2Ye,1619286804
Sibyl,q8fN0u8,1631632503
Kylen,dJykglfUseD,1629505655
Yancey,5sfgJDc,1625924076
Agretha,JqNs9y,1643728355
Thurstan,clNDxxsBO,1660621747
Kipp,ooC4E1cV338,1639848593
Delphine,YX6QHzywkkaW,1638044184
Nealon,YpQCvR,1647735556
Anton,L7xTOL,1660529354
Bronnie,0vlQdZIg,1630484984
Yolane,yEvM8KSUZah,1634013067
Vitia,F9rAR8TvQhxD,1640838521
Sioux,gbXxEZYf7c,1620318551
Hedwiga,RWbNzLuV31sK,1650462407
Westleigh,gW7CWWRtO96,1647035662
Johnathan,i8Fm26iitzJ6,1621875744
Lydon,dMlKgs6STN,1658742643
Dalli,zd3Oz7z,1641075464
Gates,FcDpUtY,1621058823
Corbet,9JS6Dg,1647564252
Fredelia,P2bR1rUK,1636441667
Kristen,kOzG8N9va,1662595991
Rozella,tLbOA5,1632024056
Hyacinthia,W14AZe1Ucl4,1622725842
Danya,BkWs08OJ,1640574594
Genni,TpeqsH8R,1618368501
Tootsie,h4TKggWR79kM,1655636777
Whitaker,pX5tRfg5YqIK,1632628014
Ulrica,a60e1tB7IwYv,1639328628
Denice,hTSn0X7Ds,1628730133
Cherri,pUXZfpzqM,1654891248
Pearle,tB0Ur7GyeQXq,1661238999
Retha,hlpdgr,1626647691
Valaria,Ns0vfR85ib,1626489733
Kimmi,do3NyyTv0,1659509548
Cherey,j1YpPusoFWF,1657960952
Ofella,KnN2wYEK,1652959113
Amandi,DDefdNQa,1632915472
Ingeberg,yao2ZwQS2,1651808018
Sully,otAdlDre,1617529217
Devinne,B2012S,1651601247
Candace,uBqc2MSS,1636790508
Laurianne,UGFcpXjRz,1633191793
Elayne,VFx7rXwR3,1633164561
Maureene,nozx3viweV,1624362847
Rafa,Rf9lqP6jZw,1656908181
Korney,LrFl8b,1624982097
Isabel,0s18dlIfzE3,1639303621
Rick,03RJm2,1632939022
Ravid,c6li4nr6Cf,1629027995
Kassie,gtMCahJLrz7,1639623936
Dwayne,U1E8TjmK,1651723841
Luz,uMGlRv,1663926683
Marilyn,8I6HupM1,1647593006
Janet,Z7C2KIaaQdzq,1628528905
Hodge,RMbjJAuCSq09,1638482008
Bernete,h4wcCha07I,1659422153
Ives,mt3CKUY,1624134268
Conroy,J8tPlaqJ,1653318796
Evangeline,L2aYkQ,1649171932
Berget,P6TU5U9B,1629561944
Delano,UCj2qSIKfS,1655423332
Burr,4dUTTM1Baw,1664063992
Cullan,1qY55T9,1619528605
Rosalinde,p49k4HaAJAc,1643161036
Rhys,W1qdWYXe5r,1643305237
Alverta,jNxE8bMg4,1630267117
Bern,NeH7HaYPTFx8,1663334272
Dorey,NXUmrN,1651610575
Merrill,bG1WG7V,1629500143
Kimbell,YclVHr,1657832651
Gussie,huptI2,1630010985
Kirk,E0yNUv8M48GY,1642754297
Lothario,L6DOhP6,1662709485
Briana,FQxgZdoV1J,1632147414
Trixy,Lm3ceP0e,1630313743
Marlie,MozIphTaMj9n,1642284221
Davita,OUp9JN6B3iq,1629758357
Bengt,qjtbTXklM,1642392208
Hart,BOd6eTax,1647282645
Meggi,sRsOqxLB,1641002173
Karena,iu7Kl2Rg0Ko,1634555046
Kareem,mJaAP3uvv,1630542243
Norton,yeJidzOk8i,1651811917
Freddi,Mgk9CmH,1638772843
Francesca,WkgNdiT,1654617428
Tabbitha,7BXXsgWgLqv,1622813357
Emanuel,I6DRWG1p481,1636241226
Ansel,M50Ayl2lcInD,1636781832
Martelle,h0XqZIy6,1641879554
Huntley,iQcKW5Jz,1643508785
Harli,1zRuJyeYkx,1645938667
Tamra,qUAAf4r,1646150783
Blakelee,iktNkrgtcfyd,1658468328
Konstantin,ss2CrHGbO6,1655108213
Wenonah,pbRzLlIVsl,1639128861
Ferdinand,TVpeCaAPU,1624862027
Blancha,yLs82zuYrJEQ,1637571343
Petronilla,0wZvgZ5PJgkL,1630657443
Mitzi,v0KLyCs7w0cw,1617721155
Burgess,Oa9kCP,1618904546
Carmelita,osQlLnWNM,1627195866
Darin,TkSYXlskWHc,1635089947
Alexa,x5XsAH5vQ,1662835425
Toddy,DFf2TiGv1,1620281173
Rozalin,nMZHpP,1632677455
Marlo,6QvArGB93,1640145868
Didi,BMqxBS,1637931155
Binky,dTK3tqUZR5,1663579996
Spence,3VnVP6u,1639066985
Roi,9eRuZjFVoVm,1644264963
Meyer,VMIiPaJ,1633690321
Guillemette,GkmmmjLd,1625443521
Benni,MBaIMY0Di,1624176909
Letty,aCAimq,1662387908