user,password
gmalser0,NR6AMu
gkaaskooper1,urJj1YaSeEgl
wwoolland2,jrTme1
cpurser3,NBHx2iLT
lcottrill4,56QsDdgYj
dmerwede5,CpM2UNVr
mbriscam6,w0ny05clVDWd
crobrose7,vw2dec2tOcS
bmoorman8,pZRQP3ukIe
apaler9,IpOzkrguLx
sfeaseya,TfJzMxAq
jelphinstoneb,LMABEpMet
fislepc,sqAwefi7Nkfu
cfoxwelld,kBhP5EKy5DxQ
dladbrookee,jmxNw8OSA
vlinceyf,YEwGrPDyTfEM
lphizacleag,8uv6e83t
uriccettih,b12l0wRAVv
codornani,kkiz9CQ7ZO
mlanningj,9vWRcPD
tlysterk,C1Cyvj0xN
amirrallsl,72w6gPFQ3e
lgrimsdellm,63Veqrz6TOM
kkeverenn,iqQhpmdCY
cscogginso,vlTYBfFi8k
afaldoep,ETdbdtr
knaisbittq,rbmXOoHlEXx
dmacareer,xvu6gf
amurdys,Cdoa0TQVepk
lhorsburght,Fthawde72
cschruursu,jBp7T3
mleydenv,JD1NBA4Bv2
nbrasonw,VT0aAN5V5m
acallissx,MQmMnrDsYd6V
jyanshonoky,tKrGLws0S
kwitherowz,1kEuu3OR6St
mmosey10,ROdD1itr
phoulridge11,MkSiixVQ
gbarff12,fohnRYfyilfh
fantoniottii13,5NEhfhb
rblance14,vdLkkH86zSk
eskupinski15,Q0qHAMwnyvw
apavkovic16,4fPjHcEZkcNB
gtrynor17,oykfVW
aoheagertie18,zOSXQp
glyptrade19,oWm2Lu3BeZnu
kbahls1a,hfKr7VcWU
bwallbridge1b,6G0H7i
agorsse1c,jBgV71w2ffRC
ptough1d,Uqws4g
lrissom1e,sQyaRggApF
slumpkin1f,wYPgAx
twelldrake1g,BANORixl6KWy
pjellico1h,6wrSSm
rminmagh1i,AfTuuvceqbtv
akittles1j,oSm1OOR
mmattingly1k,f0b22PpR
mattack1l,3LgdGS8eY6
osolleme1m,vRSXt5flD
ehammand1n,ic9Uuiw
jrisom1o,2nDn6g
gdipple1p,FKqryuSsURG0
blailey1q,FDvunj
lpurselowe1r,CHjYLjC
rosculley1s,3Lhk3BHEH
jtulleth1t,j0fVfkT0
kvarley1u,46hw8vVPm
mchaperling1v,iiFZGEG6iAkz
trodolico1w,TxuakAmw
hnancarrow1x,CBMaSv7P
noliphant1y,OMNLZghnOF
bbatho1z,YlmE7drlG
lkitchin20,7SUzo0a8sr
kbrellin21,OyX64V
hthunder22,nWdPcE74IG
rbarrass23,DGDp5EZ
ehanson24,aw5gf7
ipilsworth25,aNaV70DP
icoyte26,PcUAPpxGRlhR
tscawen27,8dBDjHodj4q
bhaffner28,0VxYASMxch
mlitzmann29,Zy2W7hCT
dgittus2a,aiknE2XJtbs
cmendenhall2b,1EGxxVl
cskala2c,Q1PWYIYOmCH
fsorro2d,35Jo9cXp
jdesantis2e,XovH9qsKlf1
pivamy2f,OhAakH6VTt
bdaviddi2g,Cx06pft6AcU
lcosham2h,XqPA3KEfs
sfairn2i,WpWMbi56
gdrinan2j,1PFmcP8Wo
fstrivens2k,s2rH0t0JDE
jdiable2l,ancDUQlyOnxs
tcorneck2m,roP6XdW
dlowle2n,dSFpyXpvTTz
jwells2o,vgaSC6MU
abebb2p,ykU4SjWYkr
gduffield2q,zP0noCFIkX
asydry2r,PJBqr6
kfalkingham2s,s1v5WGMFwfT
fchatteris2t,VsysmxlzZS
awinpenny2u,0njMqJCcHI
bdouce2v,w9uNxg7GDzQt
bwilcocks2w,fAf2SY
cgabbott2x,qoJMafpKkE
abye2y,IJ7TlzkIB
nkuhnhardt2z,gvpGWPEhf8i
droebuck30,iqvl2xmNFw3
mwestwell31,pj7ZWnEo4587
dscholey32,BC2NoPOqOhL
tgricewood33,8FJgCUICzx
hetchells34,w4pLwBRwu
jbouch35,LtjfeG1993k0
bfeavers36,d0XQM2
swinsor37,lxLpwf
dmacpharlain38,uVFxJjyEGJa
sthomson39,RwmTzzzNl
wcosser3a,eLSxbGnUS
npapis3b,QTqR0ktbq
josbaldeston3c,5UPqCuw
amagarrell3d,WLv5BYS
gdambrosi3e,UaHMfa1OD
schmiel3f,kekdpxPB
sminghetti3g,UcWBi5yVN8
pduncklee3h,oIbHNgNkz
hreyes3i,sVRk3ZDLqZA3
amclenaghan3j,yr9IGjcqM8jm
lstooders3k,QQ0yHD
rbaldrey3l,KXjzWiDXECM
lhush3m,kyKQU5N86
cmerryman3n,ZSis2zxe
nhaking3o,0ZM2XRCp
amullan3p,sC5X459j4A1B
mbrodnecke3q,sX7fira5gn
brogge3r,hBQmsN7A
edenisovich3s,FybOLSygZl
jelsop3t,wIElpO5Tf5hE
sdenyukin3u,QZZ86q4F6og
weick3v,ZByE9Laa1c
vcrepel3w,KrKf8IX
mbalwin3x,4pmfFQmYrU
gesmead3y,7fGmDnZ00g
bsercombe3z,TigD4vgBNCtg
fellicott40,HoHA1R
rrikkard41,5evsl4
mivanchov42,3Cv0tivGEHnl
fvandervelden43,xJiy0im
aranns44,PNJDOZGhnlk
dfirmin45,qXBte6JQzzzu
sgraysmark46,3sl6xhz
hvidloc47,dshqbrMog18
jstyche48,xpLnmyb6R
tcorner49,ZoIguZIEqUA
kfomichkin4a,2Gz4F3Lw
resmead4b,QiQW02ia
cdovermann4c,b0oIpHjZ7S
nsammes4d,I5Z3q0UxJ
eplowell4e,BX4qiBNf
ascotson4f,QewVsgf
oantonin4g,MmMRifhv
rboness4h,9QPadZy9iw0H
hkeyden4i,z1bxKk
tmacalees4j,f3YYi81VkPft
wweins4k,2WoyYq
ciceton4l,w6yIAl
jvasyutichev4m,4rBxN2A
alott4n,WBetRjBw
sgrewcock4o,xBS88iLSVi
apreston4p,c87m8wBWKj
dwellen4q,fxWUEyCj
grameau4r,OF1Jk2wWfz
jwisam4s,sfTgkAiXTxBb
tmclese4t,DT4YtHh0ug
bpervew4u,eOMxTzOxP
sdrieu4v,E5yh5sHfERID
gpedder4w,F7RXPxFqKEI
dlamperd4x,OBFEXpgW
jposnette4y,g9RkvI9Vb50C
gsleightholm4z,Ij9j8h
dbedberry50,QKdPsvAC
bhoward51,bJmsNEtk8Iw
lseleway52,v2bTMu
lpococke53,vV4agld9
mcomford54,8FTYHwotHw
skerley55,xuC5lh
bprosch56,hxQLuK0m
smattiello57,BwrbZTD
nheartfield58,j4aB77z
csegeswoeth59,agVNyDdz
vfeldon5a,mLVAIoUt4
traoux5b,snzHIZo
drosendahl5c,6nUjQFMKuq
cspofforth5d,7IkEP7PKApa
jstrickler5e,XKTTcKBlG
cjahns5f,Fdbp2di
lmcgurgan5g,DyaUOaV5E
glaybourne5h,0nKH5FQZBvk
slacroutz5i,qRzNDlZFAHJE
jdenyagin5j,pfrX9uxz
wlambersen5k,vEYrMio
bpighills5l,EVZjVc
malcoran5m,Hvz1SMkcIt
kmatyushkin5n,BNHujx
cdyche5o,B8KNCBUBXHTy
hmintrim5p,TC8mymDmFae
hcharters5q,N2vewp5zUoZ
lbyer5r,A7NYAN
sgowdy5s,NOF0AG
cveltmann5t,jfGb1kaGF
kweth5u,haNkOYof1
cboyington5v,CqVeVp6k7zDT
jantonietti5w,FaKOAM9
ljoutapaitis5x,YjbeVIIdhR
gjanuszkiewicz5y,ax7WRgjcWHC
wkorting5z,OeNNdX6t7
ddulieu60,r7Lykwc6F
khebblethwaite61,9eUJCR
mreeveley62,kW0oUZgN2IKz
avonoertzen63,oPumKhwmf
escrace64,N6zKIAcy
rmarcum65,vF5Wj4chGKev
rcranshaw66,FYIeZjAJytxT
jpembridge67,bRLG5A9CK
lyve68,rATyrBW5bW
igillespey69,tT5xBCc
lelement6a,YA3oXmlH
tcoulthard6b,wnvtQo3CgGI
schantler6c,TlRvyhG
dwarcup6d,utHziRyB
kdoerrling6e,cuk6oF
jairton6f,bRSCv0a3
cbantick6g,0uPpfx6ybDst
chickin6h,mtAbFgPjjT
zmose6i,XTcqcp18Urw
mscolding6j,yRG5dlCZEy8d
rtabbernor6k,3UAtLg
wporcas6l,CXmqoXZs0Y
adufall6m,FpIsRVLvnUx
ascemp6n,6OQPjpa18f
wdyball6o,z8j2x4WKQ
lglassup6p,YIh7teN
lgascoigne6q,IkukUfCd
lhessel6r,S8LJM37Mrt
rmonkley6s,A75C1Ew7
akinvig6t,dHjUTG9
gmatzkaitis6u,BErV5MnG8Pc1
cluetkemeyers6v,lfPadR9jvO
lfawbert6w,SzF0vLuSW5ev
ipevsner6x,o7unK2V
kreffe6y,wY62U7g5g
abriddle6z,dfyY9G
aduddy70,DfIQBjuZy5
ahighton71,bszF5PNRWs
nstourton72,dChKVN1orLz
agiacopello73,tpyErer
pthorwarth74,0dNzh1sayD9
mrichen75,ZJi2me6
rjozsika76,BVaBWEz
kbillitteri77,ZPyQIKiz
selflain78,ZHKtpMRF
bsyddon79,xO9sXE3Rix
mmerrgan7a,1k1PoBMlQ
cgedney7b,WSQSUWC
sfurtado7c,rTbvQviLTLz
pmclachlan7d,KlprURHMd6
jguppey7e,7hObCgtDO
rrief7f,ZBTiOB
dsimonian7g,4Jm4Nry
dvanson7h,Ts7m3nu7kSgj
mbuckenhill7i,vyuEHimOe
soslar7j,k4zbdhr8x
wjumeau7k,Ga49m4xvr
cfarthin7l,KZXD5Ozjii
tstirman7m,8yrskCO0Gj
ckingzett7n,E2vD4fXBmPm
oloalday7o,YoBj8GFsc
mstud7p,2okNR7bT
cpatry7q,sbVrLxwKWp
ajellico7r,D41kGjIzlZ
kdelazenne7s,T4mS0G
smassey7t,sPGLImrJ
sverillo7u,rKc04Md
arash7v,GPjC0zPFVyQ
dabramino7w,OHpuy343t4v
vmashro7x,Nd599n31YM
meamer7y,gLAXyD
ghallyburton7z,xLtPuSmAQOH
ealmeida80,bGuakzBiD
dkezor81,UQfTPSuiU
acaukill82,c5AcENOTXyLm
gspinige83,a3knOlRbtoV
bisakov84,PvE9IwJG6F
ewoollett85,g3sETU9JyWP
jcobelli86,B7ZmkfpW
selderkin87,kGtwbdKH4e1
nlineker88,kv1XLmC
scord89,3VMwL0tDZM74
tshergold8a,jkXBT4
ckrink8b,OdxY4q
